date,type,ticker,isin,asset_class,quantity,unit_price_eur,fees_eur
2024-01-15,buy,VWCE,IE00BK5BQT80,etf,12,98.50,1.00
2024-02-12,buy,VWCE,IE00BK5BQT80,etf,8,101.20,1.00
2024-03-04,buy,VWCE,IE00BK5BQT80,etf,10,103.75,1.00
2024-01-22,buy,SXR8,IE00B5BMR087,etf,3,450.10,1.00
2024-04-08,buy,SXR8,IE00B5BMR087,etf,2,478.30,1.00
2024-02-19,buy,ASML,NL0010273215,stock,2,820.40,1.50
2024-05-06,buy,ASML,NL0010273215,stock,1,945.20,1.50
2024-03-11,buy,NESN,CH0038863350,stock,15,98.80,1.50
2024-01-08,buy,BTC,,crypto,0.05,38500.00,0.00
2024-02-26,buy,BTC,,crypto,0.04,46200.00,0.00
2024-04-15,buy,BTC,,crypto,0.03,58100.00,0.00
2024-01-14,buy,ETH,,crypto,0.8,2200.00,0.00
2024-03-18,buy,ETH,,crypto,0.6,3050.00,0.00
2024-02-04,buy,SOL,,crypto,12,90.50,0.00
2024-04-22,buy,SOL,,crypto,8,135.20,0.00
